{
    "openapi": "3.0.0",
    "info": {
        "title": "Gestão Financeira para Idosos API",
        "version": "1.0.0",
        "description": "API para gestão financeira."
    },
    "paths": {
        "/usuarios": {
            "get": {
                "summary": "Obter todos os usuários",
                "responses": {
                    "200": {
                        "description": "Lista de usuários"
                    }
                }
            },
            "post": {
                "summary": "Criar um novo usuário",
                "requestBody": {
                    "required": true,
                    "content": {
                        "application/json": {
                            "schema": {
                                "type": "object",
                                "properties": {
                                    "Nome": {
                                        "type": "string"
                                    },
                                    "Email": {
                                        "type": "string"
                                    },
                                    "Senha": {
                                        "type": "string"
                                    }
                                }
                            }
                        }
                    },
                    "responses": {
                        "201": {
                            "description": "Usuário criado com sucesso"
                        }
                    }
                }
            }
        },
        "/usuarios/{id}": {
            "get": {
                "summary": "Obter um usuário por ID",
                "parameters": [
                    {
                        "name": "id",
                        "in": "path",
                        "required": true,
                        "schema": {
                            "type": "integer",
                            "example": 1
                        }
                    }
                ],
                "responses": {
                    "200": {
                        "description": "Usuário encontrado"
                    },
                    "404": {
                        "description": "Usuário não encontrado"
                    }
                }
            },
            "put": {
                "summary": "Atualizar um usuário existente",
                "parameters": [
                    {
                        "name": "id",
                        "in": "path",
                        "required": true,
                        "schema": {
                            "type": "integer",
                            "example": 1
                        }
                    }
                ],
                "requestBody": {
                    "required": true,
                    "content": {
                        "application/json": {
                            "schema": {
                                "type": "object",
                                "properties": {
                                    "Nome": {
                                        "type": "string"
                                    },
                                    "Email": {
                                        "type": "string"
                                    },
                                    "Senha": {
                                        "type": "string"
                                    }
                                }
                            }
                        }
                    },
                    "responses": {
                        "200": {
                            "description": "Usuário atualizado com sucesso"
                        },
                        "400": {
                            "description": "Erro ao atualizar usuário"
                        }
                    }
                }
            },
            "delete": {
                "summary": "Excluir um usuário",
                "parameters": [
                    {
                        "name": "id",
                        "in": "path",
                        "required": true,
                        "schema": {
                            "type": "integer",
                            "example": 1
                        }
                    }
                ],
                "responses": {
                    "200": {
                        "description": "Usuário deletado com sucesso"
                    },
                    "404": {
                        "description": "Usuário não encontrado"
                    }
                }
            }
        },
        "/categorias": {
            "get": {
                "summary": "Obter todas as categorias",
                "responses": {
                    "200": {
                        "description": "Lista de categorias"
                    }
                }
            },
            "post": {
                "summary": "Criar uma nova categoria",
                "requestBody": {
                    "required": true,
                    "content": {
                        "application/json": {
                            "schema": {
                                "type": "object",
                                "properties": {
                                    "Nome": {
                                        "type": "string"
                                    },
                                    "Tipo": {
                                        "type": "string",
                                        "enum": [
                                            "Receita",
                                            "Despesa"
                                        ]
                                    },
                                    "Usuario_ID": {
                                        "type": "integer"
                                    }
                                }
                            }
                        }
                    }
                },
                "responses": {
                    "201": {
                        "description": "Categoria criada com sucesso"
                    }
                }
            }
        },
        "/categorias/{id}": {
            "get": {
                "summary": "Obter uma categoria por ID",
                "parameters": [
                    {
                        "name": "id",
                        "in": "path",
                        "required": true,
                        "schema": {
                            "type": "integer",
                            "example": 1
                        }
                    }
                ],
                "responses": {
                    "200": {
                        "description": "Categoria encontrada"
                    },
                    "404": {
                        "description": "Categoria não encontrada"
                    }
                }
            },
            "put": {
                "summary": "Atualizar uma categoria",
                "parameters": [
                    {
                        "name": "id",
                        "in": "path",
                        "required": true,
                        "schema": {
                            "type": "integer",
                            "example": 1
                        }
                    }
                ],
                "requestBody": {
                    "required": true,
                    "content": {
                        "application/json": {
                            "schema": {
                                "type": "object",
                                "properties": {
                                    "Nome": {
                                        "type": "string"
                                    },
                                    "Tipo": {
                                        "type": "string",
                                        "enum": [
                                            "Receita",
                                            "Despesa"
                                        ]
                                    },
                                    "Usuario_ID": {
                                        "type": "integer"
                                    }
                                }
                            }
                        }
                    }
                },
                "responses": {
                    "200": {
                        "description": "Categoria atualizada com sucesso"
                    },
                    "404": {
                        "description": "Categoria não encontrada"
                    }
                }
            },
            "delete": {
                "summary": "Deletar uma categoria",
                "parameters": [
                    {
                        "name": "id",
                        "in": "path",
                        "required": true,
                        "schema": {
                            "type": "integer",
                            "example": 1
                        }
                    }
                ],
                "responses": {
                    "200": {
                        "description": "Categoria deletada com sucesso"
                    },
                    "404": {
                        "description": "Categoria não encontrada"
                    }
                }
            }
        },
        "/receitas": {
            "get": {
                "summary": "Obter todas as receitas",
                "responses": {
                    "200": {
                        "description": "Lista de receitas"
                    }
                }
            },
            "post": {
                "summary": "Criar uma nova receita",
                "requestBody": {
                    "required": true,
                    "content": {
                        "application/json": {
                            "schema": {
                                "type": "object",
                                "properties": {
                                    "Usuario_ID": {
                                        "type": "integer"
                                    },
                                    "Valor": {
                                        "type": "number",
                                        "format": "float"
                                    },
                                    "Descricao": {
                                        "type": "string"
                                    },
                                    "Data": {
                                        "type": "string",
                                        "format": "date-time"
                                    },
                                    "Categoria_ID": {
                                        "type": "integer"
                                    }
                                },
                                "required": [
                                    "Usuario_ID",
                                    "Valor",
                                    "Data"
                                ]
                            }
                        }
                    }
                },
                "responses": {
                    "201": {
                        "description": "Receita criada com sucesso"
                    }
                }
            }
        },
        "/receitas/{id}": {
            "get": {
                "summary": "Obter receita por ID",
                "parameters": [
                    {
                        "name": "id",
                        "in": "path",
                        "required": true,
                        "schema": {
                            "type": "integer"
                        }
                    }
                ],
                "responses": {
                    "200": {
                        "description": "Receita encontrada"
                    },
                    "404": {
                        "description": "Receita não encontrada"
                    }
                }
            },
            "put": {
                "summary": "Atualizar receita por ID",
                "parameters": [
                    {
                        "name": "id",
                        "in": "path",
                        "required": true,
                        "schema": {
                            "type": "integer"
                        }
                    }
                ],
                "requestBody": {
                    "required": true,
                    "content": {
                        "application/json": {
                            "schema": {
                                "type": "object",
                                "properties": {
                                    "Valor": {
                                        "type": "number",
                                        "format": "float"
                                    },
                                    "Descricao": {
                                        "type": "string"
                                    },
                                    "Data": {
                                        "type": "string",
                                        "format": "date-time"
                                    },
                                    "Categoria_ID": {
                                        "type": "integer"
                                    }
                                }
                            }
                        }
                    }
                },
                "responses": {
                    "200": {
                        "description": "Receita atualizada com sucesso"
                    },
                    "404": {
                        "description": "Receita não encontrada"
                    }
                }
            },
            "delete": {
                "summary": "Excluir receita por ID",
                "parameters": [
                    {
                        "name": "id",
                        "in": "path",
                        "required": true,
                        "schema": {
                            "type": "integer"
                        }
                    }
                ],
                "responses": {
                    "200": {
                        "description": "Receita excluída com sucesso"
                    },
                    "404": {
                        "description": "Receita não encontrada"
                    }
                }
            }
        },
        "/despesas": {
            "get": {
                "summary": "Obter todas as despesas",
                "responses": {
                    "200": {
                        "description": "Lista de despesas"
                    }
                }
            },
            "post": {
                "summary": "Criar uma nova despesa",
                "requestBody": {
                    "required": true,
                    "content": {
                        "application/json": {
                            "schema": {
                                "type": "object",
                                "properties": {
                                    "Usuario_ID": {
                                        "type": "integer"
                                    },
                                    "Valor": {
                                        "type": "number",
                                        "format": "float"
                                    },
                                    "Descricao": {
                                        "type": "string"
                                    },
                                    "Data": {
                                        "type": "string",
                                        "format": "date-time"
                                    },
                                    "Categoria_ID": {
                                        "type": "integer"
                                    }
                                }
                            }
                        }
                    }
                },
                "responses": {
                    "201": {
                        "description": "Despesa criada com sucesso"
                    }
                }
            }
        },
        "/despesas/{id}": {
            "get": {
                "summary": "Obter despesa por ID",
                "parameters": [
                    {
                        "name": "id",
                        "in": "path",
                        "required": true,
                        "schema": {
                            "type": "integer"
                        }
                    }
                ],
                "responses": {
                    "200": {
                        "description": "Dados da despesa"
                    },
                    "404": {
                        "description": "Despesa não encontrada"
                    }
                }
            },
            "put": {
                "summary": "Atualizar uma despesa",
                "parameters": [
                    {
                        "name": "id",
                        "in": "path",
                        "required": true,
                        "schema": {
                            "type": "integer"
                        }
                    }
                ],
                "requestBody": {
                    "required": true,
                    "content": {
                        "application/json": {
                            "schema": {
                                "type": "object",
                                "properties": {
                                    "Usuario_ID": {
                                        "type": "integer"
                                    },
                                    "Valor": {
                                        "type": "number",
                                        "format": "float"
                                    },
                                    "Descricao": {
                                        "type": "string"
                                    },
                                    "Data": {
                                        "type": "string",
                                        "format": "date-time"
                                    },
                                    "Categoria_ID": {
                                        "type": "integer"
                                    }
                                }
                            }
                        }
                    }
                },
                "responses": {
                    "200": {
                        "description": "Despesa atualizada com sucesso"
                    },
                    "404": {
                        "description": "Despesa não encontrada"
                    }
                }
            },
            "delete": {
                "summary": "Excluir uma despesa",
                "parameters": [
                    {
                        "name": "id",
                        "in": "path",
                        "required": true,
                        "schema": {
                            "type": "integer"
                        }
                    }
                ],
                "responses": {
                    "200": {
                        "description": "Despesa excluída com sucesso"
                    },
                    "404": {
                        "description": "Despesa não encontrada"
                    }
                }
            }
        },
        "/metas": {
            "get": {
                "summary": "Obter todas as metas",
                "responses": {
                    "200": {
                        "description": "Lista de metas"
                    }
                }
            },
            "post": {
                "summary": "Criar uma nova meta",
                "requestBody": {
                    "required": true,
                    "content": {
                        "application/json": {
                            "schema": {
                                "type": "object",
                                "properties": {
                                    "Usuario_ID": {
                                        "type": "integer"
                                    },
                                    "Valor": {
                                        "type": "number",
                                        "format": "float"
                                    },
                                    "Descricao": {
                                        "type": "string"
                                    },
                                    "DataInicio": {
                                        "type": "string",
                                        "format": "date-time"
                                    },
                                    "DataFim": {
                                        "type": "string",
                                        "format": "date-time"
                                    }
                                }
                            }
                        }
                    }
                },
                "responses": {
                    "201": {
                        "description": "Meta criada com sucesso"
                    }
                }
            }
        },
        "/metas/{id}": {
            "get": {
                "summary": "Obter meta por ID",
                "parameters": [
                    {
                        "name": "id",
                        "in": "path",
                        "required": true,
                        "schema": {
                            "type": "integer"
                        }
                    }
                ],
                "responses": {
                    "200": {
                        "description": "Dados da meta"
                    },
                    "404": {
                        "description": "Meta não encontrada"
                    }
                }
            },
            "put": {
                "summary": "Atualizar uma meta",
                "parameters": [
                    {
                        "name": "id",
                        "in": "path",
                        "required": true,
                        "schema": {
                            "type": "integer"
                        }
                    }
                ],
                "requestBody": {
                    "required": true,
                    "content": {
                        "application/json": {
                            "schema": {
                                "type": "object",
                                "properties": {
                                    "Usuario_ID": {
                                        "type": "integer"
                                    },
                                    "Valor": {
                                        "type": "number",
                                        "format": "float"
                                    },
                                    "Descricao": {
                                        "type": "string"
                                    },
                                    "DataInicio": {
                                        "type": "string",
                                        "format": "date-time"
                                    },
                                    "DataFim": {
                                        "type": "string",
                                        "format": "date-time"
                                    }
                                }
                            }
                        }
                    }
                },
                "responses": {
                    "200": {
                        "description": "Meta atualizada com sucesso"
                    },
                    "404": {
                        "description": "Meta não encontrada"
                    }
                }
            },
            "delete": {
                "summary": "Excluir uma meta",
                "parameters": [
                    {
                        "name": "id",
                        "in": "path",
                        "required": true,
                        "schema": {
                            "type": "integer"
                        }
                    }
                ],
                "responses": {
                    "200": {
                        "description": "Meta excluída com sucesso"
                    },
                    "404": {
                        "description": "Meta não encontrada"
                    }
                }
            }
        },
        "/relatorios": {
            "get": {
                "summary": "Obter todos os relatórios",
                "responses": {
                    "200": {
                        "description": "Lista de relatórios"
                    }
                }
            },
            "post": {
                "summary": "Criar um novo relatório",
                "requestBody": {
                    "required": true,
                    "content": {
                        "application/json": {
                            "schema": {
                                "type": "object",
                                "properties": {
                                    "Usuario_ID": {
                                        "type": "integer"
                                    },
                                    "Descricao": {
                                        "type": "string"
                                    },
                                    "DataInicio": {
                                        "type": "string",
                                        "format": "date"
                                    },
                                    "DataFim": {
                                        "type": "string",
                                        "format": "date"
                                    },
                                    "TotalReceitas": {
                                        "type": "number",
                                        "format": "float"
                                    },
                                    "TotalDespesas": {
                                        "type": "number",
                                        "format": "float"
                                    },
                                    "Saldo": {
                                        "type": "number",
                                        "format": "float"
                                    }
                                }
                            }
                        }
                    }
                },
                "responses": {
                    "201": {
                        "description": "Relatório criado com sucesso"
                    }
                }
            }
        }
    }
}